window_months,month_end,sharpe_v1,sharpe_e2,diff,d,n_e2,n_other
12,2019-08-31,2.7485207,3.0437513,0.29523053,1.5531667,34,34
12,2019-09-30,2.780184,2.7164823,-0.063701651,1.2079871,30,33
12,2019-10-31,2.6682271,2.5143253,-0.15390183,1.5320482,25,31
12,2019-11-30,2.0868764,1.6866755,-0.40020091,-0.26713138,24,35
12,2019-12-31,1.156624,0.42731514,-0.72930884,-0.36640442,37,35
12,2020-01-31,1.0408918,0.50308332,-0.5378085,-0.3277103,36,36
12,2020-02-29,1.4945874,1.0839488,-0.41063858,-0.34914443,35,35
12,2020-03-31,1.7807219,1.0416619,-0.73906002,-0.96718164,35,29
12,2020-04-30,2.1534927,1.460657,-0.69283572,-1.2907189,35,23
12,2020-05-31,2.1463814,1.2772778,-0.86910364,-1.4013607,35,23
12,2020-06-30,2.2159712,1.2128103,-1.0031609,-1.0180153,35,32
12,2020-07-31,2.5023073,1.7586908,-0.74361651,-0.74450953,36,40
12,2020-08-31,1.9974412,1.2998854,-0.6975558,-0.67977628,28,44
12,2020-09-30,1.6463331,1.1587104,-0.48762273,-0.52871043,30,41
12,2020-10-31,1.8244254,1.6017483,-0.22267714,-0.33297469,27,52
12,2020-11-30,1.3810447,1.5525937,0.17154904,-0.20848443,23,56
12,2020-12-31,1.4161704,1.6612859,0.24511544,-0.30345626,8,58
12,2021-01-31,1.51679,1.7966929,0.27990289,-0.35034568,6,57
12,2021-02-28,1.559993,1.5271499,-0.032843095,-0.35580541,6,54
12,2021-03-31,1.2024887,1.7637239,0.56123524,-0.12886954,6,55
12,2021-04-30,0.91410156,1.3369184,0.42281683,-0.17431085,6,59
12,2021-05-31,0.70128506,1.1893832,0.48809819,-0.15039569,6,57
12,2021-06-30,0.91490478,1.435728,0.52082322,0.15145464,7,45
12,2021-07-31,0.52522352,0.92459722,0.3993737,0.14916685,9,38
12,2021-08-31,0.79098676,1.36295,0.57196327,0.13088495,9,45
12,2021-09-30,1.2524916,1.7884337,0.5359421,0.17420819,7,48
12,2021-10-31,1.3080733,1.7071965,0.3991232,0.32025495,4,40
12,2021-11-30,1.6328408,1.6281679,-0.0046728895,0.12643296,4,45
12,2021-12-31,1.7905651,1.8441927,0.053627606,0.13990437,9,47
12,2022-01-31,2.1115088,2.2160973,0.10458845,0.35653867,26,46
12,2022-02-28,1.4518765,1.651238,0.19936147,0.07724603,36,47
12,2022-03-31,1.7842649,1.8390512,0.054786295,0.11651485,36,48
12,2022-04-30,1.6693966,1.7293353,0.059938636,0.13931813,37,64
12,2022-05-31,1.8051536,1.7360743,-0.06907926,0.2209079,39,68
12,2022-06-30,2.2752429,2.2541652,-0.021077698,0.47751785,42,68
12,2022-07-31,2.4535405,2.4513684,-0.0021720754,0.48642836,43,68
12,2022-08-31,2.6900055,2.218663,-0.47134241,0.34260905,43,68
12,2022-09-30,2.3691177,1.9581323,-0.41098544,0.41983998,45,69
12,2022-10-31,2.0969632,1.673781,-0.42318215,0.19013513,62,68
12,2022-11-30,1.9348061,1.7800878,-0.1547183,0.24742936,62,62
12,2022-12-31,1.9696798,1.7518132,-0.21786667,0.15973839,71,60
12,2023-01-31,1.7179794,1.4596407,-0.25833867,0.16157809,54,70
12,2023-02-28,1.9692711,2.160541,0.19126983,0.40699208,44,85
12,2023-03-31,1.9105807,1.8154717,-0.09510896,0.35246249,44,88
12,2023-04-30,1.8957615,1.9502257,0.054464172,0.37769982,43,85
12,2023-05-31,1.5981883,1.8256975,0.22750924,0.29521453,47,97
12,2023-06-30,0.9344944,1.1422098,0.20771545,0.039653807,50,104
12,2023-07-31,0.33773296,0.45901413,0.12128116,0.033565893,46,122
12,2023-08-31,-0.055470343,0.50616311,0.56163345,0.13426405,57,121
12,2023-09-30,-0.059373889,0.74876281,0.8081367,0.14446752,62,117
12,2023-10-31,0.27881006,1.2649728,0.98616271,0.23318369,48,122
12,2023-11-30,0.30094873,1.2059496,0.90500087,0.24279751,48,117
12,2023-12-31,0.18963747,1.0919775,0.90233998,0.25006788,34,115
12,2024-01-31,0.21277244,0.96476614,0.7519937,0.21428083,34,106
12,2024-02-29,1.0627663,1.8276073,0.76484103,0.19741158,36,98
12,2024-03-31,1.1036127,2.1875603,1.0839477,0.24701688,36,92
12,2024-04-30,1.1582465,2.1366694,0.97842287,0.30230707,36,75
12,2024-05-31,1.407053,2.2483711,0.84131814,0.33000991,30,59
12,2024-06-30,1.2264227,2.1371644,0.91074167,0.27372487,23,63
12,2024-07-31,1.9096747,2.1907205,0.28104581,0.2390255,25,47
12,2024-08-31,2.4720697,2.4200583,-0.052011477,0.1455,14,36
12,2024-09-30,2.3745243,2.3732965,-0.00122784,0.52880205,7,44
12,2024-10-31,2.443015,2.168688,-0.27432704,0.38449112,6,49
12,2024-11-30,2.8396569,2.9479187,0.10826171,0.45175984,6,53
12,2024-12-31,2.6571711,3.0689077,0.41173657,0.53612248,6,62
12,2025-01-31,2.3831672,2.5930555,0.20988829,0.46254189,6,70
12,2025-02-28,2.1519511,1.7942641,-0.35768705,0.38708285,11,65
12,2025-03-31,1.8244138,1.4145207,-0.40989303,0.38708285,11,65
12,2025-04-30,1.8365986,1.4300023,-0.4065963,0.26089524,16,66
12,2025-05-31,2.1496311,1.912055,-0.23757612,0.30098882,16,71
12,2025-06-30,2.4245739,2.0649101,-0.35966375,0.29395042,16,71
12,2025-07-31,2.290068,2.5883909,0.2983229,0.2064555,14,80
12,2025-08-31,1.9495133,2.5349126,0.58539938,0.28350052,14,86
12,2025-09-30,1.9826675,2.4499722,0.46730469,0.045276553,20,86
12,2025-10-31,2.0587874,2.6777044,0.61891706,0.042210296,19,77
12,2025-11-30,1.7345063,2.0957857,0.36127934,0.19154703,23,71
12,2025-12-31,1.7835427,1.9117691,0.12822642,-0.069870688,34,62
12,2026-01-31,2.3281505,2.5447555,0.21660495,0.51079936,36,64
12,2026-02-28,2.0921399,2.4844532,0.39231327,0.66984351,29,60
12,2026-03-31,1.8653813,2.2953067,0.42992539,0.59060949,32,65
12,2026-04-30,1.8479676,2.3668838,0.51891622,0.67815314,27,71
12,2026-05-31,1.2026291,1.7951014,0.59247225,0.57102957,28,81
12,2026-06-30,1.2469137,1.8135441,0.5666304,0.79470207,30,70
12,2026-07-31,0.79005743,1.1670004,0.37694296,0.58291711,34,67
12,2026-08-31,1.2945968,1.5920675,0.29747072,0.56479808,34,65
12,2026-09-30,1.1603325,1.6416639,0.48133147,0.86343133,28,66
24,2020-08-31,2.3781518,2.2590117,-0.11914011,0.47019158,62,78
24,2020-09-30,2.2454634,1.9916489,-0.25381458,0.33329633,60,74
24,2020-10-31,2.2658494,2.0835425,-0.18230686,0.57280431,52,83
24,2020-11-30,1.7428385,1.6177053,-0.12513316,-0.18640704,47,91
24,2020-12-31,1.2861248,1.0864176,-0.19970719,-0.16756124,45,93
24,2021-01-31,1.2676353,1.1593707,-0.10826455,-0.16980514,42,93
24,2021-02-28,1.5211252,1.2967677,-0.22435754,-0.17776925,41,89
24,2021-03-31,1.5180143,1.3836598,-0.13435452,-0.22457394,41,84
24,2021-04-30,1.5957206,1.3998885,-0.19583218,-0.26906636,41,82
24,2021-05-31,1.4983569,1.2333156,-0.26504135,-0.29433652,41,80
24,2021-06-30,1.6323859,1.3250166,-0.30736936,-0.28601369,42,77
24,2021-07-31,1.6482612,1.3594757,-0.28878549,-0.2844914,45,78
24,2021-08-31,1.461222,1.3313134,-0.12990865,-0.27729184,37,89
24,2021-09-30,1.4594631,1.4592674,-0.00019563684,-0.19720678,37,89
24,2021-10-31,1.5807641,1.6500885,0.069324421,-0.1684762,31,92
24,2021-11-30,1.501487,1.5853332,0.08384624,-0.20077373,27,101
24,2021-12-31,1.6014541,1.750448,0.1489939,-0.060252744,17,105
24,2022-01-31,1.8281145,2.015917,0.1878025,0.26222242,32,103
24,2022-02-28,1.4983906,1.5846187,0.08622806,0.051795243,42,101
24,2022-03-31,1.5151985,1.7898421,0.27464363,0.19121209,42,103
24,2022-04-30,1.3200752,1.5445972,0.22452198,0.16714504,43,123
24,2022-05-31,1.3166567,1.4825911,0.16593434,0.26339471,45,125
24,2022-06-30,1.6820595,1.8776103,0.19555077,0.51320652,49,113
24,2022-07-31,1.6499878,1.7982044,0.14821656,0.48589212,52,106
24,2022-08-31,1.8797141,1.8274909,-0.05222315,0.40446151,52,113
24,2022-09-30,1.8702839,1.8702484,-0.000035517257,0.46490232,52,117
24,2022-10-31,1.7414159,1.6753903,-0.066025572,0.25096238,66,108
24,2022-11-30,1.7865991,1.699738,-0.086861079,0.21122492,66,107
24,2022-12-31,1.875745,1.7805853,-0.09515974,0.15547825,80,107
24,2023-01-31,1.9006495,1.8425988,-0.058050638,0.21571598,80,116
24,2023-02-28,1.7241752,1.9009032,0.17672805,0.278183,80,132
24,2023-03-31,1.8460227,1.8266516,-0.019371066,0.2574088,80,136
24,2023-04-30,1.7860363,1.8390575,0.053021169,0.27109763,80,149
24,2023-05-31,1.7010667,1.7810173,0.079950579,0.271738,86,165
24,2023-06-30,1.6308676,1.7330575,0.10218989,0.25607684,92,172
24,2023-07-31,1.4938674,1.6484306,0.15456327,0.29064346,89,190
24,2023-08-31,1.4957021,1.5079733,0.012271103,0.25692485,100,189
24,2023-09-30,1.3048308,1.446085,0.14125417,0.27875259,107,186
24,2023-10-31,1.311438,1.4754708,0.16403282,0.2819005,110,190
24,2023-11-30,1.2696106,1.519683,0.25007247,0.31211782,110,179
24,2023-12-31,1.2548771,1.4588307,0.20395365,0.30030267,105,175
24,2024-01-31,1.109165,1.236605,0.12744002,0.22286049,88,176
24,2024-02-29,1.5765868,1.9945934,0.41800667,0.32210459,80,183
24,2024-03-31,1.557964,1.952064,0.39409997,0.31810986,80,180
24,2024-04-30,1.5688892,1.9996413,0.43075213,0.34659185,79,160
24,2024-05-31,1.4760578,1.9601715,0.48411366,0.30699452,77,156
24,2024-06-30,1.006245,1.5264236,0.52017853,0.11701122,73,167
24,2024-07-31,0.93401161,1.2538566,0.319845,0.12185868,71,169
24,2024-08-31,0.96912259,1.378416,0.40929345,0.12558109,71,157
24,2024-09-30,0.93898213,1.4846315,0.54564935,0.12829617,69,161
24,2024-10-31,1.2186725,1.7053224,0.48664986,0.18696689,54,171
24,2024-11-30,1.5376778,2.0456276,0.50794979,0.20549663,54,170
24,2024-12-31,1.4138251,2.0695487,0.65572369,0.24983745,40,177
24,2025-01-31,1.3133372,1.775065,0.46172784,0.18879981,40,176
24,2025-02-28,1.5910233,1.8065393,0.21551601,0.16637239,47,163
24,2025-03-31,1.4533249,1.8294174,0.3760925,0.18846216,47,157
24,2025-04-30,1.5039884,1.8000578,0.29606934,0.20085863,52,141
24,2025-05-31,1.8073243,2.0587207,0.25139646,0.21964739,46,130
24,2025-06-30,1.8918135,2.0750176,0.18320406,0.22964037,39,134
24,2025-07-31,2.1046584,2.3835452,0.27888677,0.23725214,39,127
24,2025-08-31,2.1429273,2.4355027,0.29257539,0.25874189,28,122
24,2025-09-30,2.1142775,2.3597246,0.24544709,0.15692529,27,130
24,2025-10-31,2.2098308,2.4268079,0.21697717,0.099209225,25,126
24,2025-11-30,2.250259,2.4476629,0.19740394,0.23574919,29,124
24,2025-12-31,2.1853307,2.3771146,0.19178392,0.062570296,40,124
24,2026-01-31,2.3422182,2.521759,0.17954086,0.51174409,42,134
24,2026-02-28,2.0959324,2.1561323,0.060199812,0.51768003,40,125
24,2026-03-31,1.824587,1.9033685,0.078781438,0.46037212,43,130
24,2026-04-30,1.8243053,1.9531744,0.12886917,0.48572199,43,137
24,2026-05-31,1.6539026,1.8479902,0.19408758,0.44857018,44,152
24,2026-06-30,1.8187845,1.9320577,0.1132732,0.58090557,46,141
24,2026-07-31,1.5444642,1.8841427,0.33967847,0.47656756,48,147
24,2026-08-31,1.6071222,2.0374798,0.43035753,0.51299397,48,151
24,2026-09-30,1.5634749,2.0264538,0.4629789,0.5283612,48,152
