t,o,h,l,c,v
1762905600000,194.63,205,191.2,192.42,35583.454
1762992000000,192.42,195.39,183.89,186.96,103368.511
1763078400000,186.96,191.52,177.15,190.8,86889.492
1763164800000,190.84,192.42,190.6,191.52,22765.275
1763251200000,191.51,200,191.5,192.1,26908.899
1763337600000,192.09,197.43,183.78,186.15,140549.037
1763424000000,186.15,186.69,167,181.52,137172.095
1763510400000,181.52,198.55,181,196.29,347371.758
1763596800000,196.27,198.95,178.23,180.65,302284.426
1763683200000,180.65,184.44,173.07,180.33,374113.514
1763769600000,180.33,181.43,176.25,179.46,34652.643
1763856000000,179.46,183.59,179.45,181.3,31362.504
1763942400000,181.29,184.27,176.4,179.75,229249.776
1764028800000,179.75,180.07,169.47,176.88,380786.235
1764115200000,176.89,182.85,174.5,179.74,271692.808
1764201600000,179.6,181.29,179,179.98,80054.174
1764288000000,179.98,181.28,176.56,176.88,99751.729
1764374400000,176.88,176.88,175.6,176.29,15092.514
1764460800000,176.29,177.2,175.88,176.66,16870.286
1764547200000,176.66,180.61,173.24,179.82,241647.819
1764633600000,179.81,185.62,178.87,181.68,237758.844
1764720000000,181.62,184.46,179.09,180.05,208822.208
1764806400000,180.06,184.55,179.55,183.16,148814.005
1764892800000,183.18,185.2,181.08,182.32,90509.738
1764979200000,182.32,182.95,181.9,182.72,9969.304
1765065600000,182.73,183.55,182.27,183.13,10198.222
1765152000000,183.12,191.23,181.96,189.47,195335.78
1765238400000,189.5,190.19,183.48,184.63,153799.68
1765324800000,184.61,185.98,181.3,181.59,120231.226
1765411200000,181.59,181.79,176.57,180.16,163737.25
1765497600000,180.18,183.19,174.62,174.83,150372.777
1765584000000,174.86,175.79,174.46,175.24,7512.779
1765670400000,175.24,175.5,171.14,173.54,22912.286
1765756800000,173.54,178.41,173.33,176.09,94560.254
1765843200000,176.07,178.2,174.18,177.06,71623.594
1765929600000,177.05,178.43,170.35,170.95,124061.312
1766016000000,170.92,176.12,170.79,175.02,84722.656
1766102400000,175.06,181.24,174.66,181.13,83439.447
1766188800000,181.09,182.76,180.8,181.38,6401.561
1766275200000,181.38,181.38,180.83,181.2,1905.516
1766361600000,181.22,184.55,180.81,183.32,45924.986
1766448000000,183.29,189.35,181.86,188.45,41298.95
1766534400000,188.46,189.07,186.64,188.12,20840.547
1766620800000,188.12,188.83,187.72,187.9,3950.072
1766707200000,187.91,192.69,187.91,190.32,59318.689
1766793600000,190.32,191.88,190.17,190.98,7177.519
1766880000000,190.98,190.98,187.82,190.18,5528.316
1766966400000,190.22,191.16,186.05,187.84,39526.083
1767052800000,187.83,188.89,186.99,187.24,35350.005
1767139200000,187.34,190.52,186.58,186.84,44749.759
1767225600000,186.85,187.91,186.58,187.76,6873.927
1767312000000,187.76,192.9,187.04,188.88,62342.457
1767398400000,188.92,190.94,187.91,190.14,7840.188
1767484800000,190.17,191.4,188.55,189.1,6499.273
1767571200000,189.11,193.68,186.24,187.9,49825.653
1767657600000,187.9,192.18,186.86,188.33,52042.764
1767744000000,188.33,191.29,186.73,189.06,63541.748
1767830400000,189.06,190.8,183.85,185.07,94326.109
1767916800000,185.08,186.94,183.8,184.97,40555.315
1768003200000,184.98,185.47,184.49,184.66,6704.611
1768089600000,184.68,187,183.53,185.34,13029.304
1768176000000,185.36,187.16,182.5,184.78,40131.971
1768262400000,184.77,188.17,183.52,185.9,53500.783
1768348800000,185.9,186.1,180.99,182.86,53976.039
1768435200000,182.87,189.78,182,187.51,49589.587
1768521600000,187.51,190.46,186.16,186.38,51271.544
1768608000000,186.38,186.56,185.36,186.07,5645.996
1768694400000,186.07,186.12,185,185.09,6032.883
1768780800000,185.06,185.86,181.66,183.32,38760.67
1768867200000,183.37,183.81,177.89,178.73,96684.149
1768953600000,178.69,185.38,177.96,183.87,104755.263
1769040000000,183.86,186.62,183.33,184.13,115404
1769126400000,184.13,189.73,183.59,187.37,117874.734
1769212800000,187.36,187.7,186.82,187.26,4665.713
1769299200000,187.26,187.4,184.1,185.46,26058.603
1769385600000,185.47,189.1,185.43,186.45,73938.011
1769472000000,186.44,190.42,185.82,188.95,72813.821
1769558400000,188.95,193.14,188.95,190.76,114541.984
1769644800000,190.73,193.68,186.17,191.37,115658.074
1769731200000,191.36,194.75,188.38,189.88,126990.957
1769817600000,190.01,190.34,187.49,187.82,17651.49
1769904000000,187.83,189.01,187.29,188.62,11887.963
1769990400000,188.63,190.6,183.65,186.31,114315.666
1770076800000,186.32,187.5,176.38,179.24,91455.441
1770163200000,179.23,181.79,172.01,177.24,118100.739
1770249600000,177.2,178.55,170.01,170.3,136992.338
1770336000000,170.32,187.04,170,185.47,124753.896
1770422400000,185.47,185.97,185.03,185.58,4282.602
1770508800000,185.51,186.92,185,186.23,7619.947
1770595200000,186.23,193.81,182.93,190.19,159583.308
1770681600000,190.18,192.63,188.24,189.21,144011.987
1770768000000,189.21,193.36,188.19,190.56,100761.708
1770854400000,190.48,193.83,186.71,188.09,103844.559
1770940800000,188.06,188.53,181.79,183.15,114928.305
1771027200000,183.08,183.71,182.9,183.41,8081.834
1771113600000,183.42,184.05,181.84,182.15,18837.215
1771200000000,182.14,183,181.12,182.18,26751.207
1771286400000,182.18,188.56,179.27,185.84,137210.515
1771372800000,185.79,190.85,185.79,188.19,189555.814
1771459200000,188.16,189.48,185.88,187.62,101092.592
1771545600000,187.57,190.41,186.16,190.09,139441.48
1771632000000,190.09,191.53,189.69,190.2,11572.685
1771718400000,190.16,191.53,189.5,189.78,14505.361
1771804800000,189.75,194.04,187.66,191.81,97436.073
1771891200000,191.9,193.95,187.65,193.01,222148.96
1771977600000,193.01,203.58,192.65,196.04,354313.049
1772064000000,195.97,199.17,184.4,185.56,516327.938
1772150400000,185.56,186.81,176.56,178.16,244026.563
1772236800000,178.14,180.75,175.7,178.48,91511.637
1772323200000,178.45,180.91,176.96,178.19,103464.53
1772409600000,178.37,183.55,173.07,181.97,425177.5
1772496000000,181.96,182.09,176.34,179.44,701372.329
1772582400000,179.43,184.64,176.93,183.15,183482.873
1772668800000,183.11,184.04,177.95,182.46,165057.783
1772755200000,182.49,183.27,176.87,178.32,412068.662
1772841600000,178.25,178.8,174.57,176.12,242626.362
1772928000000,176.12,178.86,173.75,174.4,191771.502
1773014400000,174.34,182.98,172.86,181.34,201578.748
1773100800000,181.3,186.49,180.87,184.74,133190.128
1773187200000,184.72,187.6,184.03,184.27,67464.437
1773273600000,184.37,185.45,181.67,182.94,86496.25
1773360000000,182.92,186.06,179.89,180.21,121308.577
1773446400000,180.19,180.26,178.86,179.21,13591.678
1773532800000,179.31,182.19,179.21,181.36,38204.901
1773619200000,181.44,188.84,181.01,182.73,199208.454
1773705600000,182.75,185.34,181.72,182.38,97134.124
1773792000000,182.31,184.01,179.74,180.28,107288.181
1773878400000,180.26,181.45,175.82,179.07,121227.948
1773964800000,179.07,179.5,171.73,174.87,91589.97
1774051200000,174.9,175.12,173.09,173.34,32860.694
1774137600000,173.34,173.54,171.18,172.23,35273.904
1774224000000,172.25,178.31,168.98,175.81,252252.145
1774310400000,175.9,177.56,173.91,177.04,126278.365
1774396800000,177.05,181.23,176.37,178.03,126197.006
1774483200000,177.96,178.73,171.01,172.36,116444.199
1774569600000,172.42,173.91,166.49,166.56,193077.728
1774656000000,166.53,167.7,165.86,166.69,22819.54
1774742400000,166.7,167.12,165.5,165.51,23300.401
1774828800000,165.6,169.63,163.32,163.44,139632.92
1774915200000,163.44,174.9,162.83,174.9,201633.222
1775001600000,174.87,177.45,174.37,176.12,147373.119
1775088000000,176.03,177.45,170.25,176.68,188705.447
1775174400000,176.65,176.88,175.65,176.18,18379.867
1775260800000,176.08,176.54,175.76,176.07,8360.264
1775347200000,176.07,177.21,175.06,176.25,18068.131
1775433600000,176.14,179.21,175.89,176.72,57919.646
1775520000000,176.72,183.8,173.68,183.31,130071.918
1775606400000,183.31,185.28,180.4,181.04,156606.465
1775692800000,181.04,184.14,180.12,183.13,66926.511
1775779200000,183.12,190,182.53,188.38,95720.229
1775865600000,188.43,189.52,186.92,188.63,25868.269
1775952000000,188.74,189.42,183.78,185.84,61624.855
1776038400000,185.81,189.66,183.6,189.28,86319.291
1776124800000,189.25,196.87,188.86,196.08,202809.906
1776211200000,196.08,200.67,194.72,198.46,90499.971
1776297600000,198.44,200.18,195.8,197.97,64218.768
1776384000000,197.98,201.78,197.63,200.94,45428.537
1776470400000,200.97,200.98,198.64,198.94,23275.498
1776556800000,198.87,199.93,197.9,198.72,19237.016
1776643200000,198.74,203.87,197.87,201.82,53206.099
1776729600000,201.82,203,199.07,200.75,41244.1
1776816000000,200.7,202.61,199.4,202.21,34663.88
1776902400000,202.21,203.89,197.24,199.55,67981.865
1776988800000,199.55,211.03,199.13,208.1,125725.038
1777075200000,208.13,208.41,204.93,207.32,26962.651
1777161600000,207.3,210.38,206.94,208.52,25880.796
1777248000000,208.5,219.17,207.47,218.91,223032.051
1777334400000,218.89,219.34,208.33,212.65,341714.714
1777420800000,212.65,214.58,207.14,211.2,203954.269
1777507200000,211.22,212.06,196.5,200.17,370418.852
1777593600000,200.15,203.07,197.33,198.11,152194.324
1777680000000,198.09,198.98,197.81,198.86,16345.855
1777766400000,198.9,201.96,198.57,200.03,30056.62
1777852800000,200.03,201.8,194.89,197.74,199544.86
1777939200000,197.74,200.35,195.5,197.49,146505.498
1778025600000,197.47,208.74,196.19,207.34,293803.964
1778112000000,207.35,214.3,206.47,211.52,345285.75
1778198400000,211.52,218.51,211.5,215.13,211866.684
1778284800000,215.08,217.33,214.7,216.28,43445.976
1778371200000,216.28,218.01,214.7,215.58,46869.12
1778457600000,215.49,222.61,213.12,219.82,222737.825
1778544000000,219.86,223.8,215.02,219.48,199063.624
1778630400000,219.53,228.08,219.36,227.82,341577.548
1778716800000,227.77,237.91,226.01,237.83,488613.542
1778803200000,237.82,240.79,224.32,224.46,573008.746
1778889600000,224.54,224.87,222.61,223.81,33421.501
1778976000000,223.81,226.54,223.1,223.9,42362.571
1779062400000,223.91,230.57,218.35,222.79,426099.557
1779148800000,222.81,224.5,217.81,221.73,598133.334
1779235200000,221.71,227.17,216.36,220.76,911059.406
1779321600000,220.76,227.3,218.22,220.15,565048.503
1779408000000,220.18,221.81,214.02,214.29,414855.663
1779494400000,214.29,220.66,213.33,220.27,112314.752
1779580800000,220.28,220.71,217.62,219.25,53346.906
1779667200000,219.26,222.26,219.23,220.19,78326.464
1779753600000,220.19,220.24,212.22,214.16,307886.721
1779840000000,214.17,216.74,208.88,211.9,383206.642
1779926400000,211.83,215.56,209.38,214.38,297900.22
1780012800000,214.39,217.86,211.41,212.64,400271.947
1780099200000,212.65,216.5,212.29,216.46,54761.34
1780185600000,216.41,217.99,214,216.03,90141.559
1780272000000,215.99,225.36,213.96,224.14,772245.728
1780358400000,224.14,232.42,220.73,221.94,640711.532
1780444800000,221.97,224.59,212.92,214.28,422406.778
1780531200000,214.27,221.61,211.06,216.48,429152.284
1780617600000,216.53,216.73,204.05,204.14,726892.419
1780704000000,204.04,206.99,200,206.83,122750.954
1780790400000,206.86,208.58,204.1,208.25,112411.201
1780876800000,208.25,210.92,205.44,207.74,299114.678
1780963200000,207.75,211.43,199.51,206.5,331164.222
1781049600000,206.55,207.43,199.03,199.3,243577.495
1781136000000,199.32,206.44,199.23,206.06,320405.839
1781222400000,206.05,207.2,203.33,205.54,243178.896
1781308800000,205.59,206.09,204.51,205.57,32217.597
1781395200000,205.59,209.97,205.23,209.67,55151.059
1781481600000,209.72,213.15,207.92,211.93,254345.761
1781568000000,211.88,212.59,207.03,207.63,141025.495
1781654400000,207.67,209.24,203.58,206.42,234549.044
1781740800000,206.43,211.5,205.27,210.41,168911.825
1781827200000,210.41,210.67,208.21,209.17,48590.923
1781913600000,209.16,210.12,208.45,209.13,24094.467
1782000000000,209.13,209.76,207.7,207.8,30140.071
1782086400000,207.82,214.16,207.73,207.85,312776.807
1782172800000,207.84,208.59,200.09,200.93,357905.205
1782259200000,200.92,201.89,196.78,200.83,194541.412
1782345600000,200.85,202.33,192.36,194.93,261726.137
1782432000000,195,195.67,191.17,192.86,203802.65
1782518400000,192.85,194.01,192.78,193.4,21075.187
1782604800000,193.43,195.32,192.84,195.11,33693.885
1782691200000,195.09,196.32,190.08,195.3,151042.001
1782777600000,195.29,200.67,194.55,199.55,214893.466
1782864000000,199.53,199.98,193.59,197.26,209164.836
1782950400000,197.24,200.16,192.53,194.57,190171.745
1783036800000,194.48,197.17,194.2,196.04,43330.657
1783123200000,196.03,197.04,195.91,197.03,14749.358
1783209600000,197.04,198.45,196.82,198.33,29975.864
1783296000000,198.34,198.45,194.15,194.94,112398.615
1783382400000,194.87,198.47,190.8,195.93,222630.755
1783468800000,195.94,205.2,192.94,203.68,333832.501
1783555200000,203.74,206.34,199.13,202.34,203369.408
1783641600000,202.33,211.26,201.1,210.71,371973.692
1783728000000,210.76,211.01,208.56,208.61,28653.662
1783814400000,208.62,213.05,208.35,210.9,72610.826
1783900800000,210.9,212.28,202.87,203.42,291086.125
1783987200000,203.44,212.61,202.58,211.89,238127.137
1784073600000,211.88,213.96,206.23,211.35,228676.904
1784160000000,211.38,212.38,205.22,205.9,428192.444
1784246400000,205.93,206.64,197.9,202.54,328888.304
1784332800000,202.54,202.97,201.52,202.2,21344.911
1784419200000,202.23,204.27,201.84,204.16,35902.086
1784505600000,204.13,207.65,202.3,202.93,149153.968
1784592000000,202.97,208.66,202.37,206.46,184363.647
1784678400000,206.44,214.45,204.52,212.11,323339.153
1784764800000,212.14,213.35,206.02,207.84,551153.004
1784851200000,207.91,212.01,204.94,206.76,310650.094
1784937600000,206.78,207.98,206.49,207.94,12196.765
1785024000000,207.94,209.81,207.72,209.76,34372.561
1785110400000,209.77,209.83,195.59,196.22,443823.596
1785196800000,196.26,198.6,192.64,197.64,693368.353
1785283200000,197.62,198.49,188.61,191.23,603994.406
1785369600000,191.21,197.16,190.14,196.89,579414.38
1785456000000,196.89,201.86,195.06,199.05,299543.647
1785542400000,199.08,199.98,198.41,198.99,34386.564
1785628800000,198.97,201.69,197.82,200.28,67181.938
1785715200000,200.3,208.83,196.92,206.89,460722.878
1785801600000,206.91,217,205.56,216.5,315924.151
1785888000000,216.52,222.34,215,220.69,651531.847
1785974400000,220.72,223.75,217.41,219.52,331656.159
1786060800000,219.53,224.79,218.65,223.83,193374.528
1786147200000,223.83,224.84,223.32,224.76,21522.685
1786233600000,224.77,225.79,224.36,224.62,23263.007
1786320000000,224.6,225.64,216.86,218.18,162972.283
1786406400000,218.17,222.31,216.48,218.22,143266.627
1786492800000,218.21,225.11,217.87,223.8,268720.458
1786579200000,223.78,227.24,223.07,225.67,181784.742
1786665600000,225.59,227.47,224.56,224.78,189474.074
1786752000000,224.75,225.3,224.29,225.07,20079.52
1786838400000,225.06,225.69,224.94,225.59,16087.333
1786924800000,225.55,228.02,224.91,225.21,281165.441
1787011200000,225.2,225.43,218.79,219.21,232511.796
1787097600000,219.22,222.84,216.88,218.87,213605.28
1787184000000,218.83,219.76,215.67,217.04,123113.091
1787270400000,217.03,218.62,212.84,215.33,786399.38
1787356800000,215.33,216.31,214.93,216.13,45608.215
1787443200000,216.13,219.64,216.04,218.42,81706.472
1787529600000,218.42,218.42,207.74,208.85,439310.203
1787616000000,208.88,214.71,208,213.69,264623.044
1787702400000,213.65,220.75,203.52,219.53,1477431.179
1787788800000,219.51,230.3,218.61,226.13,1504734.182
1787875200000,226.14,229.13,216.88,218.01,1632860.935
1787961600000,218.02,218.83,217.59,218.78,33402.616
1788048000000,218.78,218.95,216.6,216.79,44093.504
1788134400000,216.82,221.18,215.96,220.23,440115.601
1788220800000,220.28,220.77,215.13,217.47,290608.752
1788307200000,217.49,227.89,216.08,225.52,423751.582
1788393600000,225.53,230.47,223.24,229.67,450117.074
1788480000000,229.67,234.73,229.37,229.67,220971.296
1788566400000,229.67,231.26,229.67,230.98,35062.444
1788652800000,230.97,231.65,230.88,231.14,38464.171
1788739200000,231.11,233.04,231,231.38,77643.376
1788825600000,231.42,233.65,224.92,225.29,248728.488
1788912000000,225.29,226.47,223.38,223.63,202944.183
1788998400000,223.62,223.8,217.25,217.81,221123.588
1789084800000,217.82,222.02,217.8,218.37,159792.711
1789171200000,218.36,219.35,218.07,218.46,45364.041
1789257600000,218.38,218.44,213.77,214.31,113491.026
1789344000000,214.34,215.9,208.98,212.19,330089.265
1789430400000,212.15,214,211.12,212.49,188473.404
1789516800000,212.48,216.78,211.9,215.73,238389.778
1789603200000,215.74,219.87,215.22,219.17,248953.327
1789689600000,219.17,222.65,218.3,222.47,344150.23
1789776000000,222.49,222.58,221.91,222.09,13988.481
1789862400000,222.08,222.49,220.04,222.4,48524.394
1789948800000,222.41,228.55,221.8,227.29,217016.045
1790035200000,227.3,229.97,225.69,228.59,157765.14
1790121600000,228.59,229.47,224.04,225.21,120424.132
1790208000000,225.21,225.56,221.28,223.86,202923.073
1790294400000,223.87,226.97,223.24,225.07,141916.315
1790380800000,225.07,225.1,224.13,224.5,13540.879
1790467200000,224.5,225.61,224.34,224.81,36790.086
1790553600000,224.83,233.19,222.9,229.39,512209.658
1790640000000,229.36,232.77,227.18,228.5,513247.595
1790726400000,228.46,232.5,227.39,229.84,630629.751
1790812800000,229.83,232.32,228.33,231.57,396064.815
1790899200000,231.58,237.88,231.32,234.26,284793.303
1790985600000,234.27,235.09,234.17,234.91,19075.698
1791072000000,234.91,235.52,234.24,235.13,48553.236
