month,btc_return,eth_return,portfolio_return,portfolio_rebalanced_return
2018-09,-0.04057618,0.27221261,0.11581822,0.11581822
2018-10,-0.01295544,0.03104350,0.01212750,0.00903929
2018-11,0.21315888,0.60835051,0.44266050,0.41075376
2018-12,0.03397542,0.47001118,0.31627919,0.25199330
2019-01,0.03167695,-0.01234294,-0.00015155,0.00966229
2019-02,0.01068524,-0.08928840,-0.06071911,-0.03930181
2019-03,-0.00370001,-0.00318731,-0.00334496,-0.00344372
2019-04,0.17241950,-0.05395025,0.01563192,0.05923462
2019-05,0.15130787,0.12017640,0.13122293,0.13574214
2019-06,0.03974014,-0.01837299,0.00261370,0.01068358
2019-07,0.04063110,0.00211350,0.01653864,0.02137230
2019-08,0.03213552,0.17957906,0.12305161,0.10584169
2019-09,-0.00039597,-0.04407711,-0.02868619,-0.02223685
2019-10,-0.03429102,-0.07700284,-0.06151514,-0.05564693
2019-11,0.07882589,-0.00237989,0.02792027,0.03822300
2019-12,0.00852151,-0.11728767,-0.06801997,-0.05438308
2020-01,-0.03843134,0.06676677,0.02218714,0.01416771
2020-02,-0.02524347,0.16801899,0.09097727,0.07138776
2020-03,0.04538682,-0.04227542,-0.01105265,0.00155570
2020-04,0.11962602,0.13463451,0.12898384,0.12713026
2020-05,-0.01962470,0.10929737,0.06116079,0.04483634
2020-06,0.00024349,-0.00976923,-0.00631532,-0.00476287
2020-07,0.14712736,0.21677842,0.19259354,0.18193721
2020-08,-0.01238946,-0.00308747,-0.00619426,-0.00773952
2020-09,-0.01796534,-0.06877771,-0.05191260,-0.04337729
2020-10,0.10938484,0.04080431,0.06438188,0.07509437
2020-11,-0.06613715,0.06278953,0.01659126,-0.00167381
2020-12,-0.06849545,-0.05188555,-0.05735302,-0.06019050
2021-01,-0.04105255,0.08053694,0.04098648,0.01974220
2021-02,-0.00145412,-0.00797096,-0.00601823,-0.00471254
2021-03,0.04841542,0.03971481,0.04233387,0.04406414
2021-04,0.05553250,0.02271403,0.03265068,0.03911959
2021-05,-0.02636143,0.03978591,0.01931430,0.00671236
2021-06,0.02527664,0.08509399,0.06741097,0.05518531
2021-07,0.05027834,0.03821790,0.04164244,0.04424676
2021-08,0.03012043,0.16988012,0.12986664,0.09998445
2021-09,-0.00950204,0.07071757,0.04977810,0.03060719
2021-10,0.07402647,0.02981624,0.04070464,0.05192135
2021-11,0.01919110,-0.01889574,-0.00921511,0.00014768
2021-12,0.07630271,-0.01878126,0.00607938,0.02876073
2022-01,0.02407835,0.32506511,0.24087626,0.17457173
2022-02,-0.09349674,-0.16992648,-0.15228341,-0.13172021
2022-03,0.05949304,0.12828502,0.11130382,0.09388937
2022-04,-0.01768760,-0.01934123,-0.01895207,-0.01851459
2022-05,0.11490790,-0.01011083,0.01934901,0.05239852
2022-06,0.33192169,0.27054821,0.28636623,0.30123495
2022-07,-0.02393824,0.29122286,0.20711859,0.13364231
2022-08,-0.02402084,0.00329770,-0.00259712,-0.01036157
2022-09,0.10565328,-0.09048663,-0.04907249,0.00758332
2022-10,-0.06551134,-0.03924760,-0.04569539,-0.05237947
2022-11,0.01680871,0.02280019,0.02135981,0.01980377
2022-12,0.01735031,-0.00722074,-0.00134009,0.00506223
2023-01,0.15607042,0.06142657,0.08450186,0.10874862
2023-02,0.03530417,0.04956612,0.04585942,0.04243515
2023-03,0.22665835,-0.08134982,-0.00210597,0.07261960
2023-04,-0.00262384,0.03989237,0.02644625,0.01863358
2023-05,-0.01944320,-0.00704492,-0.01085494,-0.01324545
2023-06,0.08456551,-0.00009025,0.02569875,0.04223757
2023-07,-0.04356510,0.00707982,-0.00923379,-0.01824264
2023-08,0.01212776,0.00615824,0.00801449,0.00914236
2023-09,-0.02150687,0.01043134,0.00045945,-0.00554137
2023-10,0.05010177,0.04846039,0.04896162,0.04928108
2023-11,-0.00934387,0.04547851,0.02871925,0.01806732
2023-12,-0.00608851,-0.04822280,-0.03581889,-0.02715565
2024-01,0.07040197,0.04412126,0.05209660,0.05726161
2024-02,0.28097655,0.26569479,0.27041299,0.27333223
2024-03,0.10484974,0.06792243,0.07941844,0.08638608
2024-04,-0.00842214,0.01167598,0.00527173,0.00162692
2024-05,0.00185793,-0.00569639,-0.00332200,-0.00191923
2024-06,-0.02291767,-0.02224008,-0.02245416,-0.02257895
2024-07,0.04683729,-0.03783528,-0.01109633,0.00450100
2024-08,0.10863104,0.02058606,0.05001885,0.06460855
2024-09,-0.00208284,-0.02232910,-0.01518313,-0.01220597
2024-10,0.09270758,-0.00043096,0.03287985,0.04613831
2024-11,0.17939562,0.27505755,0.23886251,0.22722659
2024-12,-0.02502933,-0.01109692,-0.01611540,-0.01806312
2025-01,-0.04151957,-0.05731412,-0.05167643,-0.04941684
2025-02,-0.02223645,0.09945932,0.05555615,0.03860198
2025-03,-0.01643829,0.01015092,0.00126549,-0.00314381
2025-04,0.01445032,0.02451012,0.02120784,0.01948022
2025-05,-0.02880073,0.29689212,0.19068585,0.13404569
2025-06,0.03661607,0.03463310,0.03516054,0.03562458
2025-07,0.04599296,0.21512643,0.17007663,0.13055970
2025-08,-0.03300161,0.09225530,0.06243037,0.02962685
2025-09,-0.02381992,-0.03000161,-0.02866191,-0.02691146
2025-10,0.05759833,0.09066859,0.08346581,0.07412969
2025-11,0.02865003,0.03223579,0.03147345,0.03044292
2025-12,-0.05078187,-0.04558208,-0.04668454,-0.04818256
2026-01,0.07445628,0.18708400,0.16330726,0.13075021
2026-02,0.08101883,0.08171675,0.08158066,0.08136779
2026-03,-0.01231324,-0.06061677,-0.05120319,-0.03646501
2026-04,0.04696514,0.03201633,0.03504902,0.03949073
2026-05,-0.05439634,-0.05695239,-0.05642787,-0.05567436
2026-06,-0.03873994,0.07605022,0.05244371,0.01865514
2026-07,-0.08733672,-0.01554675,-0.02903119,-0.05144174
2026-08,0.13153443,0.28941521,0.26154093,0.21047482
2026-09,0.03485776,-0.02154086,-0.01260967,0.00665845
