year,partial,from,to,btc_return,eth_return,portfolio_return,btc_sharpe,eth_sharpe,portfolio_sharpe,portfolio_max_drawdown,portfolio_rebalanced_return
2018,1,2018-09-01,2018-12-31,0.18788706,2.10125890,1.14457298,1.90159701,5.19147197,4.97141984,-0.06419614,0.98863347
2019,0,2019-01-01,2019-12-31,0.64472545,-0.14335858,0.07490278,1.65759132,-0.44890002,0.42731514,-0.15132046,0.20338065
2020,0,2020-01-01,2020-12-31,0.15504533,0.76197378,0.50477669,0.65858585,1.76067340,1.66128588,-0.12807875,0.44344484
2021,0,2021-01-01,2021-12-31,0.33554249,0.65801811,0.55312368,1.53699281,1.71406482,1.84419273,-0.09272014,0.49868514
2022,0,2022-01-01,2022-12-31,0.46079270,0.75939485,0.67587300,1.43479904,1.66783081,1.75181316,-0.19124348,0.64630399
2023,0,2023-01-01,2023-12-31,0.52515493,0.12867302,0.22533998,1.79410062,0.60893927,1.09197745,-0.07273857,0.32977062
2024,0,2024-01-01,2024-12-31,1.13978994,0.67957883,0.81923790,3.10581892,2.49067547,3.06890768,-0.05404345,0.90311883
2025,0,2025-01-01,2025-12-31,-0.04012506,0.99097518,0.62293556,-0.18993738,2.14775362,1.91176907,-0.10470412,0.40618840
2026,1,2026-01-01,2026-09-30,0.16676263,0.56899341,0.48407881,0.97734046,1.84438002,1.77536447,-0.15424712,0.36169266
