series,rank,start,trough,recovery,depth,duration_days,recovery_days,other_1,other_1_return,other_2,other_2_return
btc,1,2026-02-05,2026-08-09,,-0.22303972,237,,ETH,-0.11533122,Portfolio,-0.13600699
btc,2,2020-10-27,2021-02-03,2021-08-09,-0.20038653,286,187,ETH,0.08870116,Portfolio,-0.01729444
btc,3,2022-01-22,2022-03-03,2022-06-01,-0.17934114,130,90,ETH,-0.19489975,Portfolio,-0.19116163
btc,4,2024-11-11,2025-06-04,2026-02-04,-0.15389167,450,245,ETH,0.32197001,Portfolio,0.15071205
btc,5,2022-07-12,2022-07-18,2022-09-27,-0.12162097,77,71,ETH,0.24588247,Portfolio,0.15074849
btc,6,2023-04-11,2023-05-18,2023-06-21,-0.12122331,71,34,ETH,0.02115094,Portfolio,-0.02595641
btc,7,2019-11-24,2020-03-07,2020-04-29,-0.11246734,157,53,ETH,0.09750106,Portfolio,0.01285878
btc,8,2019-09-08,2019-10-19,2019-11-24,-0.11038845,77,36,ETH,-0.02108201,Portfolio,-0.05441612
btc,9,2020-06-01,2020-07-14,2020-07-27,-0.09901962,56,13,ETH,-0.05261174,Portfolio,-0.06911009
btc,10,2019-02-23,2019-03-05,2019-04-02,-0.08251809,38,28,ETH,-0.05133421,Portfolio,-0.06109623
eth,1,2019-09-18,2020-01-11,2020-04-06,-0.26776651,201,86,BTC,-0.02933722,Portfolio,-0.18357493
eth,2,2022-07-18,2022-10-24,2023-11-09,-0.21152359,479,381,BTC,0.05881524,Portfolio,-0.15810601
eth,3,2018-12-28,2019-05-07,2019-08-10,-0.20164627,225,95,BTC,0.16508287,Portfolio,-0.10165511
eth,4,2022-01-22,2022-03-16,2022-06-12,-0.20080524,141,88,BTC,-0.16100776,Portfolio,-0.19124348
eth,5,2020-09-01,2020-10-19,2021-04-01,-0.17707640,212,164,BTC,-0.01095435,Portfolio,-0.12489746
eth,6,2026-02-05,2026-05-31,2026-08-19,-0.16857477,195,80,BTC,-0.09393625,Portfolio,-0.15424712
eth,7,2024-11-11,2025-02-21,2025-04-06,-0.16704234,146,44,BTC,-0.12827123,Portfolio,-0.15308900
eth,8,2021-10-20,2021-12-23,2022-01-12,-0.13967973,84,20,BTC,0.07120234,Portfolio,-0.08918965
eth,9,2024-05-22,2024-10-10,2024-11-07,-0.12478083,169,28,BTC,0.10493444,Portfolio,-0.05355067
eth,10,2025-08-13,2025-09-30,2025-11-04,-0.10895886,83,35,BTC,-0.06451089,Portfolio,-0.09964154
portfolio,1,2022-01-22,2022-03-16,2022-06-12,-0.19124348,141,88,BTC,-0.16100776,ETH,-0.20080524
portfolio,2,2019-09-18,2020-01-11,2020-04-06,-0.18357493,201,86,BTC,-0.02933722,ETH,-0.26776651
portfolio,3,2022-08-09,2022-10-21,2023-01-14,-0.15888401,158,85,BTC,-0.00318761,ETH,-0.20010085
portfolio,4,2026-02-05,2026-05-31,2026-08-19,-0.15424712,195,80,BTC,-0.09393625,ETH,-0.16857477
portfolio,5,2024-11-11,2025-02-21,2025-05-08,-0.15308900,178,76,BTC,-0.12827123,ETH,-0.16704234
portfolio,6,2020-09-01,2020-10-08,2021-04-02,-0.12807875,213,176,BTC,-0.03044605,ETH,-0.17278853
portfolio,7,2019-02-10,2019-05-07,2019-05-15,-0.10377757,94,8,BTC,0.08085433,ETH,-0.18037157
portfolio,8,2025-08-13,2025-09-30,2025-11-04,-0.09964154,83,35,BTC,-0.06451089,ETH,-0.10895886
portfolio,9,2020-08-01,2020-08-07,2020-09-01,-0.09734869,31,25,BTC,-0.08163909,ETH,-0.10522910
portfolio,10,2025-11-04,2026-01-01,2026-01-31,-0.09725346,88,30,BTC,-0.06839229,ETH,-0.10474841
